url_path,views_total,views_unique
/sysbio-curie/PhysiBoSSv1/blob/master/doc/imgs/example_hello_world.png,2,1
/sysbio-curie/PhysiBoSSv1,1,1
/sysbio-curie/PhysiBoSSv1/blob/master/doc/html/.gitignore,1,1
/sysbio-curie/PhysiBoSSv1/blob/master/doc/imgs/example_cell_sorting.png,1,1
/sysbio-curie/PhysiBoSSv1/blob/master/doc/imgs/example_mutants.png,1,1
/sysbio-curie/PhysiBoSSv1/blob/master/doc/imgs/example_spheroid_visu.png,1,1
/sysbio-curie/PhysiBoSSv1/tree/master/doc,1,1
/sysbio-curie/PhysiBoSSv1/tree/master/doc/html,1,1
/sysbio-curie/PhysiBoSSv1/tree/master/doc/imgs,1,1
